{
  "package": "me.odin.mixin",
  "refmap": "mixins.odin.refmap.json",
  "minVersion": "0.7",
  "compatibilityLevel": "JAVA_8",
  "mixins": [
    "mixins.MixinChunk",
    "mixins.MixinEntityLivingBase",
    "mixins.MixinNetworkManager",
    "mixins.MixinRendererLivingEntity",
    "mixins.MixinS1CPacketEntityMetadata",
    "mixins.MixinSkytilsFunny",
    "mixins.MixinWorld"
  ],
  "client": [
    "accessors.IEntityPlayerSPAccessor",
    "accessors.IMinecraftAccessor",
    "mixins.MixinEntityPlayerSP",
    "mixins.MixinEntityRenderer",
    "mixins.MixinFontRenderer",
    "mixins.MixinGuiContainer",
    "mixins.MixinGuiIngame",
    "mixins.MixinGuiScreen",
    "mixins.MixinItem",
    "mixins.MixinItemRenderer",
    "mixins.MixinLayerArmorBase",
    "mixins.MixinLayerCustomHead",
    "mixins.MixinMinecraft",
    "mixins.MixinModList",
    "mixins.MixinMouseHelper",
    "mixins.MixinNetworkManager",
    "mixins.MixinPlayerControllerMP",
    "mixins.MixinRenderDragon",
    "mixins.MixinRenderEntityItem",
    "mixins.MixinRendererLivingEntity",
    "mixins.MixinRenderItem",
    "mixins.MixinRenderPlayer",
    "mixins.MixinSoundManager",
    "mixins.MixinTileEntityChestRenderer",
    "mixins.model.MixinModelBiped",
    "mixins.model.MixinModelBlaze"
  ]
}